PRAGMA foreign_keys=OFF;
BEGIN TRANSACTION;
CREATE TABLE currency (currency_id INTEGER PRIMARY KEY NOT NULL, code TEXT, name TEXT, rate_NZD REAL);
INSERT INTO currency VALUES(1,'AED','United Arab Emirates Dirham',NULL);
INSERT INTO currency VALUES(2,'AFN','Afghan Afghani',NULL);
INSERT INTO currency VALUES(3,'ALL','Albanian Lek',NULL);
INSERT INTO currency VALUES(4,'AMD','Armenian Dram',NULL);
INSERT INTO currency VALUES(6,'AOA','Angolan Kwanza',NULL);
INSERT INTO currency VALUES(7,'ARS','Argentine Peso',NULL);
INSERT INTO currency VALUES(8,'AUD','Australian Dollar',NULL);
INSERT INTO currency VALUES(9,'AWG','Aruban Florin',NULL);
INSERT INTO currency VALUES(10,'AZN','Azerbaijani Manat',NULL);
INSERT INTO currency VALUES(11,'BAM','Bosnia and Herzegovina Convertible Mark',NULL);
INSERT INTO currency VALUES(12,'BBD','Barbadian Dollar',NULL);
INSERT INTO currency VALUES(13,'BDT','Bangladeshi Taka',NULL);
INSERT INTO currency VALUES(14,'BGN','Bulgarian Lev',NULL);
INSERT INTO currency VALUES(15,'BHD','Bahraini Dinar',NULL);
INSERT INTO currency VALUES(16,'BIF','Burundian Franc',NULL);
INSERT INTO currency VALUES(17,'BMD','Bermudian dollar',NULL);
INSERT INTO currency VALUES(18,'BND','Brunei Dollar',NULL);
INSERT INTO currency VALUES(19,'BOB','Bolivian Boliviano',NULL);
INSERT INTO currency VALUES(20,'BRL','Brazilian Real',NULL);
INSERT INTO currency VALUES(21,'BSD','Bahamian Dollar',NULL);
INSERT INTO currency VALUES(22,'BTN','Bhutanese Ngultrum',NULL);
INSERT INTO currency VALUES(23,'BWP','Botswana Pula',NULL);
INSERT INTO currency VALUES(24,'BYN','Belarusian Ruble',NULL);
INSERT INTO currency VALUES(25,'BZD','Belize Dollar',NULL);
INSERT INTO currency VALUES(26,'CAD','Canadian Dollar',NULL);
INSERT INTO currency VALUES(27,'CDF','Congolese Franc',NULL);
INSERT INTO currency VALUES(28,'CHF','Swiss Franc',NULL);
INSERT INTO currency VALUES(29,'CLP','Chilean Peso',NULL);
INSERT INTO currency VALUES(30,'CNY','Chinese Yuan',NULL);
INSERT INTO currency VALUES(31,'COP','Colombian Peso',NULL);
INSERT INTO currency VALUES(32,'CRC','Costa Rican Colon',NULL);
INSERT INTO currency VALUES(33,'CUP','Cuban Peso',NULL);
INSERT INTO currency VALUES(34,'CVE','Cape Verdean Escudo',NULL);
INSERT INTO currency VALUES(35,'CZK','Czech Koruna',NULL);
INSERT INTO currency VALUES(36,'DJF','Djiboutian Franc',NULL);
INSERT INTO currency VALUES(37,'DKK','Danish Krone',NULL);
INSERT INTO currency VALUES(38,'DOP','Dominican Peso',NULL);
INSERT INTO currency VALUES(39,'DZD','Algerian Dinar',NULL);
INSERT INTO currency VALUES(40,'EGP','Egyptian Pound',NULL);
INSERT INTO currency VALUES(41,'ERN','Eritrean Nakfa',NULL);
INSERT INTO currency VALUES(42,'ETB','Ethiopian Birr',NULL);
INSERT INTO currency VALUES(43,'EUR','Euro',NULL);
INSERT INTO currency VALUES(44,'FJD','Fijian Dollar',NULL);
INSERT INTO currency VALUES(45,'FKP','Falkland Islands Pound',NULL);
INSERT INTO currency VALUES(46,'FOK','Faroese Króna',NULL);
INSERT INTO currency VALUES(47,'GBP','Pound Sterling',NULL);
INSERT INTO currency VALUES(48,'GEL','Georgian Lari',NULL);
INSERT INTO currency VALUES(49,'GGP','Guernsey Pound',NULL);
INSERT INTO currency VALUES(50,'GHS','Ghanaian Cedi',NULL);
INSERT INTO currency VALUES(51,'GIP','Gibraltar Pound',NULL);
INSERT INTO currency VALUES(52,'GMD','Gambian Dalasi',NULL);
INSERT INTO currency VALUES(53,'GNF','Guinean Franc',NULL);
INSERT INTO currency VALUES(54,'GTQ','Guatemalan Quetzal',NULL);
INSERT INTO currency VALUES(55,'GYD','Guyanaese Dollar',NULL);
INSERT INTO currency VALUES(56,'HKD','Hong Kong Dollar',NULL);
INSERT INTO currency VALUES(57,'HNL','Honduran Lempira',NULL);
INSERT INTO currency VALUES(58,'HTG','Haitian Gourde',NULL);
INSERT INTO currency VALUES(59,'HUF','Hungarian Forint',NULL);
INSERT INTO currency VALUES(60,'IDR','Indonesian Rupiah',NULL);
INSERT INTO currency VALUES(61,'ILS','Israeli New Shekel',NULL);
INSERT INTO currency VALUES(62,'IMP','Isle of Man Pound',NULL);
INSERT INTO currency VALUES(63,'INR','Indian Rupee',NULL);
INSERT INTO currency VALUES(64,'IQD','Iraqi Dinar',NULL);
INSERT INTO currency VALUES(65,'IRR','Iranian Rial',NULL);
INSERT INTO currency VALUES(66,'ISK','Icelandic Krona',NULL);
INSERT INTO currency VALUES(67,'JEP','Jersey Pound',NULL);
INSERT INTO currency VALUES(68,'JMD','Jamaican Dollar',NULL);
INSERT INTO currency VALUES(69,'JOD','Jordanian Dinar',NULL);
INSERT INTO currency VALUES(70,'JPY','Japanese Yen',NULL);
INSERT INTO currency VALUES(71,'KES','Kenyan Shilling',NULL);
INSERT INTO currency VALUES(72,'KGS','Kyrgyzstani Som',NULL);
INSERT INTO currency VALUES(73,'KHR','Cambodian Riel',NULL);
INSERT INTO currency VALUES(74,'KID','Kiribati Dollar',NULL);
INSERT INTO currency VALUES(75,'KMF','Comorian Franc',NULL);
INSERT INTO currency VALUES(76,'KRW','South Korean Won',NULL);
INSERT INTO currency VALUES(77,'KWD','Kuwaiti Dinar',NULL);
INSERT INTO currency VALUES(78,'KYD','Cayman Islands Dollar',NULL);
INSERT INTO currency VALUES(79,'KZT','Kazakhstani Tenge',NULL);
INSERT INTO currency VALUES(80,'LAK','Lao Kip',NULL);
INSERT INTO currency VALUES(81,'LBP','Lebanese Pound',NULL);
INSERT INTO currency VALUES(82,'LKR','Sri Lankan Rupee',NULL);
INSERT INTO currency VALUES(83,'LRD','Liberian Dollar',NULL);
INSERT INTO currency VALUES(84,'LSL','Lesotho Loti',NULL);
INSERT INTO currency VALUES(85,'LYD','Libyan Dinar',NULL);
INSERT INTO currency VALUES(86,'MAD','Moroccan Dirham',NULL);
INSERT INTO currency VALUES(87,'MDL','Moldovan Leu',NULL);
INSERT INTO currency VALUES(88,'MGA','Malagasy Ariary',NULL);
INSERT INTO currency VALUES(89,'MKD','Macedonian Denar',NULL);
INSERT INTO currency VALUES(90,'MMK','Myanmar Kyat',NULL);
INSERT INTO currency VALUES(91,'MNT','Mongolian Tugrik',NULL);
INSERT INTO currency VALUES(92,'MOP','Macanese Pataca',NULL);
INSERT INTO currency VALUES(93,'MRU','Mauritanian Ouguiya',NULL);
INSERT INTO currency VALUES(94,'MUR','Mauritian Rupee',NULL);
INSERT INTO currency VALUES(95,'MVR','Maldivian Rufiyaa',NULL);
INSERT INTO currency VALUES(96,'MWK','Malawian Kwacha',NULL);
INSERT INTO currency VALUES(97,'MXN','Mexican Peso',NULL);
INSERT INTO currency VALUES(98,'MYR','Malaysian Ringgit',NULL);
INSERT INTO currency VALUES(99,'MZN','Mozambican Metical',NULL);
INSERT INTO currency VALUES(100,'NAD','Namibian Dollar',NULL);
INSERT INTO currency VALUES(101,'NGN','Nigerian Naira',NULL);
INSERT INTO currency VALUES(102,'NIO','Nicaraguan Cordoba',NULL);
INSERT INTO currency VALUES(103,'NOK','Norwegian Krone',NULL);
INSERT INTO currency VALUES(104,'NPR','Nepalese Rupee',NULL);
INSERT INTO currency VALUES(105,'NZD','New Zealand Dollar',NULL);
INSERT INTO currency VALUES(106,'OMR','Omani Rial',NULL);
INSERT INTO currency VALUES(107,'PAB','Panamanian Balboa',NULL);
INSERT INTO currency VALUES(108,'PEN','Peruvian Sol',NULL);
INSERT INTO currency VALUES(109,'PGK','Papua New Guinean Kina',NULL);
INSERT INTO currency VALUES(110,'PHP','Philippine Peso',NULL);
INSERT INTO currency VALUES(111,'PKR','Pakistani Rupee',NULL);
INSERT INTO currency VALUES(112,'PLN','Polish Zloty',NULL);
INSERT INTO currency VALUES(113,'PYG','Paraguayan Guarani',NULL);
INSERT INTO currency VALUES(114,'QAR','Qatari Rial',NULL);
INSERT INTO currency VALUES(115,'RON','Romanian Leu',NULL);
INSERT INTO currency VALUES(116,'RSD','Serbian Dinar',NULL);
INSERT INTO currency VALUES(117,'RUB','Russian Ruble',NULL);
INSERT INTO currency VALUES(118,'RWF','Rwandan Franc',NULL);
INSERT INTO currency VALUES(119,'SAR','Saudi Riyal',NULL);
INSERT INTO currency VALUES(120,'SBD','Solomon Islands Dollar',NULL);
INSERT INTO currency VALUES(121,'SCR','Seychellois Rupee',NULL);
INSERT INTO currency VALUES(122,'SDG','Sudanese Pound',NULL);
INSERT INTO currency VALUES(123,'SEK','Swedish Krona',NULL);
INSERT INTO currency VALUES(124,'SGD','Singapore Dollar',NULL);
INSERT INTO currency VALUES(125,'SHP','Saint Helena Pound',NULL);
INSERT INTO currency VALUES(126,'SLE','Sierra Leonean Leone',NULL);
INSERT INTO currency VALUES(127,'SOS','Somali Shilling',NULL);
INSERT INTO currency VALUES(128,'SRD','Surinamese Dollar',NULL);
INSERT INTO currency VALUES(129,'SSP','South Sudanese Pound',NULL);
INSERT INTO currency VALUES(130,'STN','São Tomé and Príncipe Dobra',NULL);
INSERT INTO currency VALUES(131,'SYP','Syrian Pound',NULL);
INSERT INTO currency VALUES(132,'SZL','Swazi Lilangeni',NULL);
INSERT INTO currency VALUES(133,'THB','Thai Baht',NULL);
INSERT INTO currency VALUES(134,'TJS','Tajikistani Somoni',NULL);
INSERT INTO currency VALUES(135,'TMT','Turkmenistani Manat',NULL);
INSERT INTO currency VALUES(136,'TND','Tunisian Dinar',NULL);
INSERT INTO currency VALUES(137,'TOP','Tongan Paʻanga',NULL);
INSERT INTO currency VALUES(138,'TRY','Turkish Lira',NULL);
INSERT INTO currency VALUES(139,'TTD','Trinidad and Tobago Dollar',NULL);
INSERT INTO currency VALUES(140,'TVD','Tuvaluan Dollar',NULL);
INSERT INTO currency VALUES(141,'TWD','Taiwan Dollar',NULL);
INSERT INTO currency VALUES(142,'TZS','Tanzanian Shilling',NULL);
INSERT INTO currency VALUES(143,'UAH','Ukrainian Hryvnia',NULL);
INSERT INTO currency VALUES(144,'UGX','Ugandan Shilling',NULL);
INSERT INTO currency VALUES(145,'USD','United States Dollar',NULL);
INSERT INTO currency VALUES(146,'UYU','Uruguayan Peso',NULL);
INSERT INTO currency VALUES(147,'UZS','Uzbekistan Som',NULL);
INSERT INTO currency VALUES(148,'VED','Venezuelan Digital Bolívar',NULL);
INSERT INTO currency VALUES(149,'VES','Venezuelan Bolívar Soberano',NULL);
INSERT INTO currency VALUES(150,'VND','Vietnamese Dong',NULL);
INSERT INTO currency VALUES(151,'VUV','Vanuatu Vatu',NULL);
INSERT INTO currency VALUES(152,'WST','Samoan Tala',NULL);
INSERT INTO currency VALUES(153,'XAF','Central African CFA franc',NULL);
INSERT INTO currency VALUES(154,'XCD','East Caribbean Dollar',NULL);
INSERT INTO currency VALUES(155,'XOF','West African CFA franc',NULL);
INSERT INTO currency VALUES(156,'XPF','CFP Franc',NULL);
INSERT INTO currency VALUES(157,'YER','Yemeni Rial',NULL);
INSERT INTO currency VALUES(158,'ZAR','South African Rand',NULL);
INSERT INTO currency VALUES(159,'ZMW','Zambian Kwacha',NULL);
INSERT INTO currency VALUES(160,'ZWL','Zimbabwean Dollar',NULL);
INSERT INTO currency VALUES(161,'KPW','North Korean won',NULL);
INSERT INTO currency VALUES(162,'SUR','Soviet ruble',NULL);
INSERT INTO currency VALUES(163,'CKD','Cook Islands Dollar',NULL);
CREATE TABLE place (place_id INTEGER PRIMARY KEY NOT NULL, name TEXT, country TEXT DEFAULT Y);
INSERT INTO place VALUES(1,'Afghanistan','Y');
INSERT INTO place VALUES(2,'Albania','Y');
INSERT INTO place VALUES(3,'Algeria','Y');
INSERT INTO place VALUES(4,'Andorra','Y');
INSERT INTO place VALUES(5,'Angola','Y');
INSERT INTO place VALUES(6,'Antigua and Barbuda','Y');
INSERT INTO place VALUES(7,'Argentina','Y');
INSERT INTO place VALUES(8,'Armenia','Y');
INSERT INTO place VALUES(9,'Australia','Y');
INSERT INTO place VALUES(10,'Austria','Y');
INSERT INTO place VALUES(11,'Azerbaijan','Y');
INSERT INTO place VALUES(12,'Bahamas','Y');
INSERT INTO place VALUES(13,'Bahrain','Y');
INSERT INTO place VALUES(14,'Bangladesh','Y');
INSERT INTO place VALUES(15,'Barbados','Y');
INSERT INTO place VALUES(16,'Belarus','Y');
INSERT INTO place VALUES(17,'Belgium','Y');
INSERT INTO place VALUES(18,'Belize','Y');
INSERT INTO place VALUES(19,'Benin','Y');
INSERT INTO place VALUES(20,'Bhutan','Y');
INSERT INTO place VALUES(21,'Bolivia','Y');
INSERT INTO place VALUES(22,'Bosnia and Herzegovina','Y');
INSERT INTO place VALUES(23,'Botswana','Y');
INSERT INTO place VALUES(24,'Brazil','Y');
INSERT INTO place VALUES(25,'Brunei','Y');
INSERT INTO place VALUES(26,'Bulgaria','Y');
INSERT INTO place VALUES(27,'Burkina Faso','Y');
INSERT INTO place VALUES(28,'Burundi','Y');
INSERT INTO place VALUES(29,'Cabo Verde','Y');
INSERT INTO place VALUES(30,'Cambodia','Y');
INSERT INTO place VALUES(31,'Cameroon','Y');
INSERT INTO place VALUES(32,'Canada','Y');
INSERT INTO place VALUES(33,'Central African Republic','Y');
INSERT INTO place VALUES(34,'Chad','Y');
INSERT INTO place VALUES(35,'Chile','Y');
INSERT INTO place VALUES(36,'China','Y');
INSERT INTO place VALUES(37,'Colombia','Y');
INSERT INTO place VALUES(38,'Comoros','Y');
INSERT INTO place VALUES(39,'Congo (Congo-Brazzaville)','Y');
INSERT INTO place VALUES(40,'Costa Rica','Y');
INSERT INTO place VALUES(41,'Croatia','Y');
INSERT INTO place VALUES(42,'Cuba','Y');
INSERT INTO place VALUES(43,'Cyprus','Y');
INSERT INTO place VALUES(44,'Czechia','Y');
INSERT INTO place VALUES(45,'Democratic Republic of the Congo','Y');
INSERT INTO place VALUES(46,'Denmark','Y');
INSERT INTO place VALUES(47,'Djibouti','Y');
INSERT INTO place VALUES(48,'Dominica','Y');
INSERT INTO place VALUES(49,'Dominican Republic','Y');
INSERT INTO place VALUES(50,'Ecuador','Y');
INSERT INTO place VALUES(51,'Egypt','Y');
INSERT INTO place VALUES(52,'El Salvador','Y');
INSERT INTO place VALUES(53,'Equatorial Guinea','Y');
INSERT INTO place VALUES(54,'Eritrea','Y');
INSERT INTO place VALUES(55,'Estonia','Y');
INSERT INTO place VALUES(56,'Eswatini','Y');
INSERT INTO place VALUES(57,'Ethiopia','Y');
INSERT INTO place VALUES(58,'Fiji','Y');
INSERT INTO place VALUES(59,'Finland','Y');
INSERT INTO place VALUES(60,'France','Y');
INSERT INTO place VALUES(61,'Gabon','Y');
INSERT INTO place VALUES(62,'Gambia','Y');
INSERT INTO place VALUES(63,'Georgia','Y');
INSERT INTO place VALUES(64,'Germany','Y');
INSERT INTO place VALUES(65,'Ghana','Y');
INSERT INTO place VALUES(66,'Greece','Y');
INSERT INTO place VALUES(67,'Grenada','Y');
INSERT INTO place VALUES(68,'Guatemala','Y');
INSERT INTO place VALUES(69,'Guinea','Y');
INSERT INTO place VALUES(70,'Guinea-Bissau','Y');
INSERT INTO place VALUES(71,'Guyana','Y');
INSERT INTO place VALUES(72,'Haiti','Y');
INSERT INTO place VALUES(73,'Honduras','Y');
INSERT INTO place VALUES(74,'Hungary','Y');
INSERT INTO place VALUES(75,'Iceland','Y');
INSERT INTO place VALUES(76,'India','Y');
INSERT INTO place VALUES(77,'Indonesia','Y');
INSERT INTO place VALUES(78,'Iran','Y');
INSERT INTO place VALUES(79,'Iraq','Y');
INSERT INTO place VALUES(80,'Ireland','Y');
INSERT INTO place VALUES(81,'Israel','Y');
INSERT INTO place VALUES(82,'Italy','Y');
INSERT INTO place VALUES(83,'Jamaica','Y');
INSERT INTO place VALUES(84,'Japan','Y');
INSERT INTO place VALUES(85,'Jordan','Y');
INSERT INTO place VALUES(86,'Kazakhstan','Y');
INSERT INTO place VALUES(87,'Kenya','Y');
INSERT INTO place VALUES(88,'Kiribati','Y');
INSERT INTO place VALUES(89,'Kuwait','Y');
INSERT INTO place VALUES(90,'Kyrgyzstan','Y');
INSERT INTO place VALUES(91,'Laos','Y');
INSERT INTO place VALUES(92,'Latvia','Y');
INSERT INTO place VALUES(93,'Lebanon','Y');
INSERT INTO place VALUES(94,'Lesotho','Y');
INSERT INTO place VALUES(95,'Liberia','Y');
INSERT INTO place VALUES(96,'Libya','Y');
INSERT INTO place VALUES(97,'Liechtenstein','Y');
INSERT INTO place VALUES(98,'Lithuania','Y');
INSERT INTO place VALUES(99,'Luxembourg','Y');
INSERT INTO place VALUES(100,'Madagascar','Y');
INSERT INTO place VALUES(101,'Malawi','Y');
INSERT INTO place VALUES(102,'Malaysia','Y');
INSERT INTO place VALUES(103,'Maldives','Y');
INSERT INTO place VALUES(104,'Mali','Y');
INSERT INTO place VALUES(105,'Malta','Y');
INSERT INTO place VALUES(106,'Marshall Islands','Y');
INSERT INTO place VALUES(107,'Mauritania','Y');
INSERT INTO place VALUES(108,'Mauritius','Y');
INSERT INTO place VALUES(109,'Mexico','Y');
INSERT INTO place VALUES(110,'Micronesia','Y');
INSERT INTO place VALUES(111,'Moldova','Y');
INSERT INTO place VALUES(112,'Monaco','Y');
INSERT INTO place VALUES(113,'Mongolia','Y');
INSERT INTO place VALUES(114,'Montenegro','Y');
INSERT INTO place VALUES(115,'Morocco','Y');
INSERT INTO place VALUES(116,'Mozambique','Y');
INSERT INTO place VALUES(117,'Myanmar','Y');
INSERT INTO place VALUES(118,'Namibia','Y');
INSERT INTO place VALUES(119,'Nauru','Y');
INSERT INTO place VALUES(120,'Nepal','Y');
INSERT INTO place VALUES(121,'Netherlands','Y');
INSERT INTO place VALUES(122,'New Zealand','Y');
INSERT INTO place VALUES(123,'Nicaragua','Y');
INSERT INTO place VALUES(124,'Niger','Y');
INSERT INTO place VALUES(125,'Nigeria','Y');
INSERT INTO place VALUES(126,'North Korea','Y');
INSERT INTO place VALUES(127,'North Macedonia','Y');
INSERT INTO place VALUES(128,'Norway','Y');
INSERT INTO place VALUES(129,'Oman','Y');
INSERT INTO place VALUES(130,'Pakistan','Y');
INSERT INTO place VALUES(131,'Palau','Y');
INSERT INTO place VALUES(132,'Palestine','Y');
INSERT INTO place VALUES(133,'Panama','Y');
INSERT INTO place VALUES(134,'Papua New Guinea','Y');
INSERT INTO place VALUES(135,'Paraguay','Y');
INSERT INTO place VALUES(136,'Peru','Y');
INSERT INTO place VALUES(137,'Philippines','Y');
INSERT INTO place VALUES(138,'Poland','Y');
INSERT INTO place VALUES(139,'Portugal','Y');
INSERT INTO place VALUES(140,'Qatar','Y');
INSERT INTO place VALUES(141,'Romania','Y');
INSERT INTO place VALUES(142,'Russia','Y');
INSERT INTO place VALUES(143,'Rwanda','Y');
INSERT INTO place VALUES(144,'Saint Kitts and Nevis','Y');
INSERT INTO place VALUES(145,'Saint Lucia','Y');
INSERT INTO place VALUES(146,'Saint Vincent and the Grenadines','Y');
INSERT INTO place VALUES(147,'Samoa','Y');
INSERT INTO place VALUES(148,'San Marino','Y');
INSERT INTO place VALUES(149,'Sao Tome and Principe','Y');
INSERT INTO place VALUES(150,'Saudi Arabia','Y');
INSERT INTO place VALUES(151,'Senegal','Y');
INSERT INTO place VALUES(152,'Serbia','Y');
INSERT INTO place VALUES(153,'Seychelles','Y');
INSERT INTO place VALUES(154,'Sierra Leone','Y');
INSERT INTO place VALUES(155,'Singapore','Y');
INSERT INTO place VALUES(156,'Slovakia','Y');
INSERT INTO place VALUES(157,'Slovenia','Y');
INSERT INTO place VALUES(158,'Solomon Islands','Y');
INSERT INTO place VALUES(159,'Somalia','Y');
INSERT INTO place VALUES(160,'South Africa','Y');
INSERT INTO place VALUES(161,'South Korea','Y');
INSERT INTO place VALUES(162,'South Sudan','Y');
INSERT INTO place VALUES(163,'Spain','Y');
INSERT INTO place VALUES(164,'Sri Lanka','Y');
INSERT INTO place VALUES(165,'Sudan','Y');
INSERT INTO place VALUES(166,'Suriname','Y');
INSERT INTO place VALUES(167,'Sweden','Y');
INSERT INTO place VALUES(168,'Switzerland','Y');
INSERT INTO place VALUES(169,'Syria','Y');
INSERT INTO place VALUES(170,'Taiwan','Y');
INSERT INTO place VALUES(171,'Tajikistan','Y');
INSERT INTO place VALUES(172,'Tanzania','Y');
INSERT INTO place VALUES(173,'Thailand','Y');
INSERT INTO place VALUES(174,'Timor-Leste','Y');
INSERT INTO place VALUES(175,'Togo','Y');
INSERT INTO place VALUES(176,'Tonga','Y');
INSERT INTO place VALUES(177,'Trinidad and Tobago','Y');
INSERT INTO place VALUES(178,'Tunisia','Y');
INSERT INTO place VALUES(179,'Turkey','Y');
INSERT INTO place VALUES(180,'Turkmenistan','Y');
INSERT INTO place VALUES(181,'Tuvalu','Y');
INSERT INTO place VALUES(182,'Uganda','Y');
INSERT INTO place VALUES(183,'Ukraine','Y');
INSERT INTO place VALUES(184,'United Arab Emirates','Y');
INSERT INTO place VALUES(185,'United Kingdom','Y');
INSERT INTO place VALUES(186,'United States','Y');
INSERT INTO place VALUES(187,'Uruguay','Y');
INSERT INTO place VALUES(188,'Uzbekistan','Y');
INSERT INTO place VALUES(189,'Vanuatu','Y');
INSERT INTO place VALUES(190,'Vatican City','Y');
INSERT INTO place VALUES(191,'Venezuela','Y');
INSERT INTO place VALUES(192,'Vietnam','Y');
INSERT INTO place VALUES(193,'Yemen','Y');
INSERT INTO place VALUES(194,'Zambia','Y');
INSERT INTO place VALUES(195,'Zimbabwe','Y');
INSERT INTO place VALUES(196,'British Overseas Territories','N');
INSERT INTO place VALUES(197,'Soviet Union','N');
INSERT INTO place VALUES(198,'Cook Islands','N');
INSERT INTO place VALUES(199,'Hong Kong','N');
INSERT INTO place VALUES(200,'Macau','N');
INSERT INTO place VALUES(201,'New Caledonia','N');
CREATE TABLE place_currency (place_id INTEGER REFERENCES place (place_id), currency_id INTEGER REFERENCES currency (currency_id));
INSERT INTO place_currency VALUES(1,2);
INSERT INTO place_currency VALUES(2,3);
INSERT INTO place_currency VALUES(3,39);
INSERT INTO place_currency VALUES(4,43);
INSERT INTO place_currency VALUES(5,6);
INSERT INTO place_currency VALUES(6,154);
INSERT INTO place_currency VALUES(7,7);
INSERT INTO place_currency VALUES(8,4);
INSERT INTO place_currency VALUES(9,8);
INSERT INTO place_currency VALUES(10,43);
INSERT INTO place_currency VALUES(11,10);
INSERT INTO place_currency VALUES(13,15);
INSERT INTO place_currency VALUES(12,21);
INSERT INTO place_currency VALUES(14,13);
INSERT INTO place_currency VALUES(15,12);
INSERT INTO place_currency VALUES(16,24);
INSERT INTO place_currency VALUES(17,43);
INSERT INTO place_currency VALUES(18,25);
INSERT INTO place_currency VALUES(19,155);
INSERT INTO place_currency VALUES(20,22);
INSERT INTO place_currency VALUES(21,19);
INSERT INTO place_currency VALUES(22,11);
INSERT INTO place_currency VALUES(23,23);
INSERT INTO place_currency VALUES(24,20);
INSERT INTO place_currency VALUES(25,18);
INSERT INTO place_currency VALUES(26,14);
INSERT INTO place_currency VALUES(27,155);
INSERT INTO place_currency VALUES(28,16);
INSERT INTO place_currency VALUES(29,34);
INSERT INTO place_currency VALUES(30,73);
INSERT INTO place_currency VALUES(31,153);
INSERT INTO place_currency VALUES(32,26);
INSERT INTO place_currency VALUES(33,153);
INSERT INTO place_currency VALUES(34,153);
INSERT INTO place_currency VALUES(35,29);
INSERT INTO place_currency VALUES(36,30);
INSERT INTO place_currency VALUES(37,31);
INSERT INTO place_currency VALUES(38,75);
INSERT INTO place_currency VALUES(39,153);
INSERT INTO place_currency VALUES(40,32);
INSERT INTO place_currency VALUES(41,43);
INSERT INTO place_currency VALUES(42,33);
INSERT INTO place_currency VALUES(43,43);
INSERT INTO place_currency VALUES(44,35);
INSERT INTO place_currency VALUES(45,27);
INSERT INTO place_currency VALUES(46,37);
INSERT INTO place_currency VALUES(47,36);
INSERT INTO place_currency VALUES(48,154);
INSERT INTO place_currency VALUES(49,38);
INSERT INTO place_currency VALUES(50,145);
INSERT INTO place_currency VALUES(51,40);
INSERT INTO place_currency VALUES(52,145);
INSERT INTO place_currency VALUES(53,153);
INSERT INTO place_currency VALUES(54,41);
INSERT INTO place_currency VALUES(55,43);
INSERT INTO place_currency VALUES(56,132);
INSERT INTO place_currency VALUES(57,42);
INSERT INTO place_currency VALUES(58,44);
INSERT INTO place_currency VALUES(59,43);
INSERT INTO place_currency VALUES(60,43);
INSERT INTO place_currency VALUES(61,153);
INSERT INTO place_currency VALUES(62,52);
INSERT INTO place_currency VALUES(63,48);
INSERT INTO place_currency VALUES(64,43);
INSERT INTO place_currency VALUES(65,50);
INSERT INTO place_currency VALUES(66,43);
INSERT INTO place_currency VALUES(67,154);
INSERT INTO place_currency VALUES(68,54);
INSERT INTO place_currency VALUES(69,53);
INSERT INTO place_currency VALUES(70,155);
INSERT INTO place_currency VALUES(71,55);
INSERT INTO place_currency VALUES(72,58);
INSERT INTO place_currency VALUES(73,57);
INSERT INTO place_currency VALUES(74,59);
INSERT INTO place_currency VALUES(75,66);
INSERT INTO place_currency VALUES(76,63);
INSERT INTO place_currency VALUES(77,60);
INSERT INTO place_currency VALUES(78,65);
INSERT INTO place_currency VALUES(79,64);
INSERT INTO place_currency VALUES(80,47);
INSERT INTO place_currency VALUES(80,43);
INSERT INTO place_currency VALUES(81,61);
INSERT INTO place_currency VALUES(82,43);
INSERT INTO place_currency VALUES(83,68);
INSERT INTO place_currency VALUES(84,70);
INSERT INTO place_currency VALUES(85,69);
INSERT INTO place_currency VALUES(86,79);
INSERT INTO place_currency VALUES(87,71);
INSERT INTO place_currency VALUES(88,8);
INSERT INTO place_currency VALUES(88,74);
INSERT INTO place_currency VALUES(89,77);
INSERT INTO place_currency VALUES(90,72);
INSERT INTO place_currency VALUES(91,80);
INSERT INTO place_currency VALUES(92,43);
INSERT INTO place_currency VALUES(93,81);
INSERT INTO place_currency VALUES(94,84);
INSERT INTO place_currency VALUES(95,83);
INSERT INTO place_currency VALUES(96,85);
INSERT INTO place_currency VALUES(97,28);
INSERT INTO place_currency VALUES(98,43);
INSERT INTO place_currency VALUES(99,43);
INSERT INTO place_currency VALUES(100,88);
INSERT INTO place_currency VALUES(101,96);
INSERT INTO place_currency VALUES(102,98);
INSERT INTO place_currency VALUES(103,95);
INSERT INTO place_currency VALUES(104,155);
INSERT INTO place_currency VALUES(105,43);
INSERT INTO place_currency VALUES(106,145);
INSERT INTO place_currency VALUES(107,93);
INSERT INTO place_currency VALUES(108,94);
INSERT INTO place_currency VALUES(109,97);
INSERT INTO place_currency VALUES(110,145);
INSERT INTO place_currency VALUES(111,87);
INSERT INTO place_currency VALUES(112,43);
INSERT INTO place_currency VALUES(113,91);
INSERT INTO place_currency VALUES(114,43);
INSERT INTO place_currency VALUES(115,86);
INSERT INTO place_currency VALUES(116,99);
INSERT INTO place_currency VALUES(117,90);
INSERT INTO place_currency VALUES(118,100);
INSERT INTO place_currency VALUES(119,8);
INSERT INTO place_currency VALUES(120,104);
INSERT INTO place_currency VALUES(121,9);
INSERT INTO place_currency VALUES(121,43);
INSERT INTO place_currency VALUES(122,105);
INSERT INTO place_currency VALUES(123,102);
INSERT INTO place_currency VALUES(124,155);
INSERT INTO place_currency VALUES(125,101);
INSERT INTO place_currency VALUES(126,161);
INSERT INTO place_currency VALUES(127,89);
INSERT INTO place_currency VALUES(128,103);
INSERT INTO place_currency VALUES(129,106);
INSERT INTO place_currency VALUES(130,111);
INSERT INTO place_currency VALUES(131,145);
INSERT INTO place_currency VALUES(132,61);
INSERT INTO place_currency VALUES(132,69);
INSERT INTO place_currency VALUES(133,107);
INSERT INTO place_currency VALUES(134,109);
INSERT INTO place_currency VALUES(135,113);
INSERT INTO place_currency VALUES(136,108);
INSERT INTO place_currency VALUES(137,110);
INSERT INTO place_currency VALUES(138,112);
INSERT INTO place_currency VALUES(139,43);
INSERT INTO place_currency VALUES(140,114);
INSERT INTO place_currency VALUES(141,115);
INSERT INTO place_currency VALUES(142,117);
INSERT INTO place_currency VALUES(143,118);
INSERT INTO place_currency VALUES(144,154);
INSERT INTO place_currency VALUES(145,154);
INSERT INTO place_currency VALUES(146,154);
INSERT INTO place_currency VALUES(147,152);
INSERT INTO place_currency VALUES(148,43);
INSERT INTO place_currency VALUES(149,130);
INSERT INTO place_currency VALUES(150,119);
INSERT INTO place_currency VALUES(151,155);
INSERT INTO place_currency VALUES(152,116);
INSERT INTO place_currency VALUES(153,121);
INSERT INTO place_currency VALUES(154,126);
INSERT INTO place_currency VALUES(155,124);
INSERT INTO place_currency VALUES(156,43);
INSERT INTO place_currency VALUES(157,43);
INSERT INTO place_currency VALUES(158,120);
INSERT INTO place_currency VALUES(159,127);
INSERT INTO place_currency VALUES(160,158);
INSERT INTO place_currency VALUES(161,76);
INSERT INTO place_currency VALUES(162,129);
INSERT INTO place_currency VALUES(163,43);
INSERT INTO place_currency VALUES(164,82);
INSERT INTO place_currency VALUES(165,122);
INSERT INTO place_currency VALUES(166,128);
INSERT INTO place_currency VALUES(167,123);
INSERT INTO place_currency VALUES(168,28);
INSERT INTO place_currency VALUES(169,131);
INSERT INTO place_currency VALUES(170,141);
INSERT INTO place_currency VALUES(171,134);
INSERT INTO place_currency VALUES(172,142);
INSERT INTO place_currency VALUES(173,133);
INSERT INTO place_currency VALUES(174,145);
INSERT INTO place_currency VALUES(175,155);
INSERT INTO place_currency VALUES(176,137);
INSERT INTO place_currency VALUES(177,139);
INSERT INTO place_currency VALUES(178,136);
INSERT INTO place_currency VALUES(179,138);
INSERT INTO place_currency VALUES(180,135);
INSERT INTO place_currency VALUES(181,8);
INSERT INTO place_currency VALUES(181,140);
INSERT INTO place_currency VALUES(182,144);
INSERT INTO place_currency VALUES(183,143);
INSERT INTO place_currency VALUES(184,1);
INSERT INTO place_currency VALUES(185,47);
INSERT INTO place_currency VALUES(186,145);
INSERT INTO place_currency VALUES(187,146);
INSERT INTO place_currency VALUES(188,147);
INSERT INTO place_currency VALUES(189,151);
INSERT INTO place_currency VALUES(190,43);
INSERT INTO place_currency VALUES(191,149);
INSERT INTO place_currency VALUES(192,150);
INSERT INTO place_currency VALUES(193,157);
INSERT INTO place_currency VALUES(194,159);
INSERT INTO place_currency VALUES(195,160);
INSERT INTO place_currency VALUES(196,17);
INSERT INTO place_currency VALUES(196,45);
INSERT INTO place_currency VALUES(46,46);
INSERT INTO place_currency VALUES(196,49);
INSERT INTO place_currency VALUES(196,51);
INSERT INTO place_currency VALUES(199,56);
INSERT INTO place_currency VALUES(196,62);
INSERT INTO place_currency VALUES(196,67);
INSERT INTO place_currency VALUES(200,92);
INSERT INTO place_currency VALUES(196,125);
INSERT INTO place_currency VALUES(191,148);
INSERT INTO place_currency VALUES(197,162);
INSERT INTO place_currency VALUES(198,163);
INSERT INTO place_currency VALUES(201,156);
CREATE TABLE collection_item (item_id INTEGER PRIMARY KEY UNIQUE NOT NULL, currency_id INTEGER REFERENCES currency (currency_id), amount INTEGER, type TEXT, place_id INTEGER REFERENCES place (place_id), source TEXT, years TEXT);
INSERT INTO collection_item VALUES(1,7,380,'Note',7,'Andrey Tenitski',NULL);
INSERT INTO collection_item VALUES(2,8,50,'Note',9,'-',NULL);
INSERT INTO collection_item VALUES(3,24,500,'Note',16,'Liudmilla',NULL);
INSERT INTO collection_item VALUES(4,20,2,'Note',24,'Andry Tenitski',NULL);
INSERT INTO collection_item VALUES(5,73,100,'Note',30,'Liudmilla',NULL);
INSERT INTO collection_item VALUES(6,26,5,'Note',32,'Jaime Chandler',NULL);
INSERT INTO collection_item VALUES(7,30,1,'Note',36,'Cameron Beeton',NULL);
INSERT INTO collection_item VALUES(8,32,1000,'Note',40,'Andrey Tenitski',NULL);
INSERT INTO collection_item VALUES(9,33,380,'Note',42,'Andrey Tenitski',NULL);
INSERT INTO collection_item VALUES(10,43,1,'Note',43,'Liudmilla',NULL);
INSERT INTO collection_item VALUES(11,43,15,'Note',185,'Alexei Tenitski',NULL);
INSERT INTO collection_item VALUES(12,44,9,'Note',58,'Alexei Tenitski',NULL);
INSERT INTO collection_item VALUES(13,48,15,'Note',63,'Alexei/Anna',NULL);
INSERT INTO collection_item VALUES(14,56,60,'Note',36,'Maxim Tenitski & Andrey Tenitski',NULL);
INSERT INTO collection_item VALUES(15,60,14000,'Note',77,'Anton',NULL);
INSERT INTO collection_item VALUES(16,65,150000,'Note',78,'Taranom',NULL);
INSERT INTO collection_item VALUES(17,79,1500,'Note',86,'Andrey Tenitski',NULL);
INSERT INTO collection_item VALUES(18,70,1000,'Note',84,'-',NULL);
INSERT INTO collection_item VALUES(19,72,490,'Note',90,'Andrey Tenitski',NULL);
INSERT INTO collection_item VALUES(20,80,12500,'Note',91,'Andrey Tenitski',NULL);
INSERT INTO collection_item VALUES(21,98,1,'Note',102,'Liudmilla',NULL);
INSERT INTO collection_item VALUES(22,105,340,'Note',122,'-',NULL);
INSERT INTO collection_item VALUES(23,117,2450,'Note',142,'-',NULL);
INSERT INTO collection_item VALUES(24,112,10,'Note',138,'Alexei/Anna',NULL);
INSERT INTO collection_item VALUES(25,124,2,'Note',155,'Anton Tenitki',NULL);
INSERT INTO collection_item VALUES(26,76,28000,'Note',161,'Maxim Teniski & Anton Tenitski',NULL);
INSERT INTO collection_item VALUES(27,162,10,'Note',197,'Anton Tenitski',NULL);
INSERT INTO collection_item VALUES(28,65,80000,'Note',78,'Amir',NULL);
INSERT INTO collection_item VALUES(29,124,14,'Note',155,'Alexei',NULL);
INSERT INTO collection_item VALUES(30,133,260,'Note',173,'Anton Tenitski',NULL);
INSERT INTO collection_item VALUES(31,138,35,'Note',179,'Andrey Tenitski',NULL);
INSERT INTO collection_item VALUES(32,138,10,'Note',179,'Liudmilla',NULL);
INSERT INTO collection_item VALUES(33,138,110,'Note',179,'Alexei/Anna',NULL);
INSERT INTO collection_item VALUES(34,143,5,'Note',183,'Liudmilla',NULL);
INSERT INTO collection_item VALUES(35,1,10,'Note',184,'Andrey Tenitski',NULL);
INSERT INTO collection_item VALUES(36,145,30,'Note',186,'-',NULL);
INSERT INTO collection_item VALUES(37,147,18000,'Note',188,'Andrey Tenitski',NULL);
INSERT INTO collection_item VALUES(38,150,10000,'Note',192,'Henry Nguyen',NULL);
INSERT INTO collection_item VALUES(39,150,118000,'Note',192,'Anton',NULL);
INSERT INTO collection_item VALUES(40,160,100000000000000,'Note',195,'Alexei Tenitski',NULL);
INSERT INTO collection_item VALUES(41,8,NULL,'Coin',9,'Alexei Tenitski',NULL);
INSERT INTO collection_item VALUES(42,26,NULL,'Coin',32,'-',NULL);
INSERT INTO collection_item VALUES(43,29,NULL,'Coin',35,'-',NULL);
INSERT INTO collection_item VALUES(44,30,NULL,'Coin',36,'-',NULL);
INSERT INTO collection_item VALUES(45,163,NULL,'Coin',198,'Jenny Kulesh',NULL);
INSERT INTO collection_item VALUES(46,43,NULL,'Coin',185,'Ludmilla Tenitskaya',NULL);
INSERT INTO collection_item VALUES(47,44,NULL,'Coin',58,'Alexei Tenitski',NULL);
INSERT INTO collection_item VALUES(48,48,NULL,'Coin',63,'Alexei/Anna',NULL);
INSERT INTO collection_item VALUES(49,56,NULL,'Coin',199,'Maxim Tenitski',NULL);
INSERT INTO collection_item VALUES(50,60,NULL,'Coin',77,'Anton Tenitski',NULL);
INSERT INTO collection_item VALUES(51,65,NULL,'Coin',78,'Taranom Nouri',NULL);
INSERT INTO collection_item VALUES(52,43,NULL,'Coin',80,'-',NULL);
INSERT INTO collection_item VALUES(53,61,NULL,'Coin',81,'Alexei Tenitski',NULL);
INSERT INTO collection_item VALUES(54,70,NULL,'Coin',84,'Alexei Tenitski',NULL);
INSERT INTO collection_item VALUES(55,92,NULL,'Coin',200,'Maxim Tenitski',NULL);
INSERT INTO collection_item VALUES(56,98,NULL,'Coin',102,'Anton Tenitski',NULL);
INSERT INTO collection_item VALUES(57,97,NULL,'Coin',109,'-',NULL);
INSERT INTO collection_item VALUES(58,156,NULL,'Coin',201,'-',NULL);
INSERT INTO collection_item VALUES(59,105,NULL,'Coin',122,'-',NULL);
INSERT INTO collection_item VALUES(60,110,NULL,'Coin',137,'-',NULL);
INSERT INTO collection_item VALUES(61,112,NULL,'Coin',138,'-',NULL);
INSERT INTO collection_item VALUES(62,117,NULL,'Coin',142,'-','1735');
INSERT INTO collection_item VALUES(63,124,NULL,'Coin',155,'-',NULL);
INSERT INTO collection_item VALUES(64,158,NULL,'Coin',160,'-',NULL);
INSERT INTO collection_item VALUES(65,76,NULL,'Coin',161,'Maxim Tenitski',NULL);
INSERT INTO collection_item VALUES(66,82,NULL,'Coin',164,'Nathan Fernandes',NULL);
INSERT INTO collection_item VALUES(67,162,NULL,'Coin',197,'Ludmilla Tenitskaya',NULL);
INSERT INTO collection_item VALUES(68,123,NULL,'Coin',167,'-',NULL);
INSERT INTO collection_item VALUES(69,133,NULL,'Coin',173,'Anton Tenitski',NULL);
INSERT INTO collection_item VALUES(70,138,NULL,'Coin',179,'Taranom Nouri',NULL);
INSERT INTO collection_item VALUES(71,1,NULL,'Coin',184,'Taranom Nouri',NULL);
INSERT INTO collection_item VALUES(72,47,NULL,'Coin',185,'-',NULL);
INSERT INTO collection_item VALUES(73,145,NULL,'Coin',186,'Alexei Tenitski',NULL);
COMMIT;
